Civilite;Nom;Prenom;Email;Identifiant;MDP;Actif
M.;Bennett;Aaron;kakdup@jumfaer.vn;moratu;*5k$wX$o26$o6KV1[W2;0
Mme;Phillips;Albert;lefo@des.bo;inohew;mx5I*1rTy6s7MMgmfB);1
Mme;Jimenez;Ophelia;ca@lokmac.ai;de;KKF)948k7&g;1
M.;Kelley;Eva;napisted@ahufodeb.ug;roukuhu;q7oQw9dnJLiPMP9y;0
Mme;Jimenez;Ophelia;ca@lokmac.ai;de;KKF)948k7&g;1
Mme;Underwood;Brian;johkalu@koavi.is;zi;uGZh5]SJhHWeZQ(uMZ;0
Mme;Gonzales;Gerald;gujna@wava.cd;ud;Y8J*3RA;0
Mme;Phillips;Albert;lefo@des.bo;inohew;mx5I*1rTy6s7MMgmfB);1
Mme;Jimenez;Ophelia;ca@lokmac.ai;de;KKF)948k7&g;1
Mme;Underwood;Brian;johkalu@koavi.is;zi;uGZh5]SJhHWeZQ(uMZ;0
Mme;Jimenez;Ophelia;ca@lokmac.ai;de;KKF)948k7&g;1
Mme;Underwood;Brian;johkalu@koavi.is;zi;uGZh5]SJhHWeZQ(uMZ;0
